36_2_6594,36_2_6588,36_2_6721,36_2_6718,36_2_6762,36_2_6646,36_2_6615,36_2_6703,36_2_6749,36_2_6754,36_2_6593,36_2_6658,36_2_6751,36_2_6740,36_2_6664,36_2_6682,36_2_6679,36_2_6691,36_2_6700,36_2_6629,36_2_6755,36_2_6598,36_2_6764,36_2_6702,36_2_6709
-0.8848784181832059,-0.8848974967196455,-0.8848617979380791,-0.8848392621206358,-0.8620317511660502,-0.884882610866562,-0.8848762028689805,-0.8848778010991154,-0.8854870504693935,-0.8823442562268013,-0.8848748014137797,-0.8848872623751802,-0.8851238979503506,-0.884936176294886,-0.8848909297431007,-0.8848754031695805,-0.8848792515613724,-0.8848815539880306,-0.8848791642012088,-0.8848820661443213,-0.8836942215738119,-0.8848821468172119,-0.87621524917747,-0.884877650580691,-0.884880967976791
-0.01770336778541548,-0.01770863789865018,-0.01769396314973193,-0.01767567304707285,-0.020416933111988556,-0.01769874518441128,-0.017700317647921793,-0.017691594223911977,-0.017581267745221396,-0.01781989276150142,-0.01770581901347157,-0.017699269142248397,-0.017969479990860293,-0.017680714865448977,-0.017697655992456873,-0.017690684225293296,-0.017690885580172733,-0.017691394915075875,-0.017690498558202705,-0.017701699099177404,-0.01735695291269934,-0.01770018698699971,-0.01652449055665528,-0.0176909335027986,-0.017690420872291668
-0.04874994512242381,-0.04874964700086082,-0.048747335731356145,-0.048741136914216554,-0.05120768406520426,-0.04875125082623555,-0.04874868432096946,-0.048749824582614565,-0.04865843239709733,-0.04879397114699202,-0.04874959602190643,-0.048750892459956674,-0.04901928315479864,-0.04873762763736522,-0.04875057456633414,-0.048749787598545424,-0.048750191220712225,-0.048749635708631445,-0.04874951488439194,-0.048750232881396016,-0.04836313028231842,-0.048749521501001425,-0.04680765849016666,-0.048749586739909034,-0.04874960927850225
-0.24217400724332094,-0.24217155067837837,-0.24217019661048056,-0.24218011008525053,-0.24490424885200923,-0.24217427524689583,-0.2421731293278384,-0.24217399895679392,-0.2420505120027272,-0.2423092534489868,-0.24217369071156014,-0.24217312116469714,-0.24244163945905228,-0.24215503786443549,-0.2421728450426741,-0.24217456717220642,-0.2421745170969558,-0.24217348183704246,-0.24217374258771684,-0.24217378970824655,-0.24184899578113317,-0.24217371578625801,-0.2411993155037706,-0.24217390336481515,-0.24217361226909873
-0.07837106267011507,-0.07836524586910087,-0.07837276220971745,-0.0783899078536976,-0.08074011377214418,-0.07837669089550303,-0.07837101146268566,-0.07838058717986485,-0.07828855346684094,-0.07838697284999085,-0.07836803340335763,-0.07837481532948942,-0.0786514453521292,-0.07836279633480103,-0.07837580107374009,-0.07838163306768564,-0.07838210654618649,-0.0783801483047597,-0.07838096864297484,-0.07837280115840173,-0.07795925246824709,-0.07837325475570367,-0.07620895943773576,-0.07838075786086307,-0.07838122792488633
0.26461789356915233,0.264626347035275,0.26461683890850907,0.2645776254991006,0.26154751275687005,0.26461236705582536,0.2646180937175302,0.26460673826509407,0.2647427515341505,0.2644942225678193,0.26462176365736667,0.26461568693196824,0.26430495726028624,0.2646334914483006,0.26461430487064064,0.264604951684575,0.26460468276290783,0.2646076846037104,0.264606234150051,0.2646162285574505,0.265017038958959,0.26461494707493927,0.266069902951962,0.26460642664851264,0.26460598475814834
0.13506891649800679,0.1350693792068114,0.13507158633036198,0.1350744484231825,0.13312229607983284,0.13506669340475952,0.135070487333806,0.1350677100928266,0.1351408978081281,0.13509560149191913,0.13506998428617578,0.13506736954532528,0.13480660637899433,0.13507910260617706,0.13506733611457378,0.13506769318230027,0.13506703303708179,0.13506790792721546,0.13506793235389836,0.13506820565080346,0.13547549882108711,0.13506878918050802,0.13715722981007872,0.1350679365855001,0.13506765845569646
0.18900912737287,0.18900114445656868,0.18902122212427486,0.18904887673404147,0.18642971189631652,0.18901566506006162,0.1890130475134555,0.18902567533114478,0.18912887565623038,0.18889973984514086,0.189005449793882,0.1890144908853486,0.18875865960204408,0.18903362177809413,0.18901678488898455,0.1890271015262357,0.18902685499735838,0.18902579828395716,0.1890271608117544,0.18901145913254425,0.18933993950280836,0.18901365338610532,0.19012747958818466,0.18902657608450113,0.18902728744741637
-0.3847141574298618,-0.38472589107847455,-0.3847011892380081,-0.384650247118401,-0.3856610875619637,-0.3847068161305245,-0.38470983423636085,-0.38469383680531877,-0.384642285770056,-0.38468467327128053,-0.3847191338538636,-0.3847095783949328,-0.3848991382593425,-0.38469480405378675,-0.38470665849267505,-0.38469146991559455,-0.3846919625165768,-0.3846942317411717,-0.38469204500003684,-0.3847116160832442,-0.3844412766891381,-0.38470832227723406,-0.3840643863610538,-0.3846926940983053,-0.3846919562496254
-0.14437475860791693,-0.1443835544768035,-0.14436199819730433,-0.14433377515363333,-0.14705220473182123,-0.1443680217350618,-0.14437032727293797,-0.14435727930376174,-0.1442547170462305,-0.14447344884434443,-0.1443784807991122,-0.14436920177697488,-0.1446378176023444,-0.144349613066872,-0.14436685017674478,-0.1443557078471258,-0.14435609104104685,-0.14435714745594908,-0.14435569765904432,-0.14437241547529567,-0.14401436090409447,-0.1443700475116927,-0.14308310991683726,-0.14435629841933917,-0.14435566354325857
-0.6481720864668361,-0.648181124658116,-0.6481787409915896,-0.6481954204525664,-0.667538487037902,-0.6481948723225628,-0.6481636492761567,-0.6481960452915203,-0.6482631082231194,-0.6478742869659726,-0.6481578644835295,-0.6481919722350682,-0.6486254924386969,-0.6482110219417336,-0.6481977310651033,-0.6481945641752773,-0.6482019450059084,-0.6481965759632757,-0.6481975380861726,-0.6481824732161812,-0.6465322455086309,-0.6481819546461054,-0.6483389536575856,-0.6481953811441343,-0.6482016552595482
0.2185721824426068,0.21857249733990614,0.21857781431684487,0.21857138881440363,0.2151833414243498,0.2185720013233805,0.21857454710445978,0.21857419411698942,0.21868876093460443,0.21847200750386264,0.2185726810905919,0.21857325358876523,0.21827524558180045,0.2185905240579089,0.21857358476236044,0.21857401633099016,0.21857356732180477,0.2185747557540907,0.21857468400039437,0.21857224761209437,0.21899362677114453,0.2185727532496884,0.2199133790706398,0.21857451703972686,0.21857451796325478
0.2596217403037926,0.2596220549730077,0.2596219631703178,0.2596136588817899,0.25050184123763586,0.2596139835187117,0.2596247706151189,0.2596137733852899,0.2597098170675949,0.259547972104599,0.25962628580984415,0.259615863053817,0.25916679539449206,0.259622079799513,0.2596144168028047,0.25961373894585194,0.2596115097038876,0.2596140758347687,0.25961359223035885,0.25961867743710343,0.2605224382756077,0.25961907458732725,0.262330348683264,0.25961401546624074,0.25961267682031774
0.10596129682703292,0.10596000076073864,0.1059682429862363,0.10596474767666564,0.10221655934120832,0.10596160430917934,0.10596449886687509,0.1059651718733079,0.10607914440708299,0.10587484293814953,0.10596165702725813,0.1059627732648849,0.1056379472242952,0.1059804009209131,0.10596320036576401,0.10596528243578263,0.10596459042915285,0.10596571418481915,0.1059658232802363,0.10596141559915395,0.10644421888883926,0.10596220390265643,0.10759476420442837,0.10596562958816946,0.10596552024630057
0.30121647775651184,0.3012157446460506,0.30122321075111813,0.30123563941604203,0.29941235638496266,0.30121780029642053,0.3012189572239876,0.30122284638981256,0.30134344481961506,0.3010241936032898,0.30121499295187704,0.301217995647427,0.3010634867649742,0.30123730208739374,0.3012195450391175,0.30122319966181976,0.3012230011081485,0.3012233214264626,0.3012238903492914,0.3012173979853472,0.3012697920018681,0.3012191179655943,0.2964468928590236,0.30122338452844843,0.30122411539597493
-0.17235005117626656,-0.17235709678015354,-0.17233842046870507,-0.17231708599574347,-0.17567102743477392,-0.1723448637437741,-0.17234598515436517,-0.17233553906653043,-0.17223489038880047,-0.17244003456330148,-0.1723530622767555,-0.17234571599683335,-0.17262696354954699,-0.1723270742918004,-0.1723436437064052,-0.17233427044253347,-0.17233467692221893,-0.17233536506417124,-0.1723341192106176,-0.17234816308896228,-0.17193838086747348,-0.17234596158072435,-0.17112434908405305,-0.1723346550896565,-0.17233411841900192
-0.2457455692921684,-0.24574761194976702,-0.24573769109725419,-0.24572350078443606,-0.24905413343979887,-0.24574426143736616,-0.245742549487602,-0.24573807776793188,-0.24562064282740437,-0.24593007510702591,-0.24574712817543087,-0.2457442851179792,-0.2459397003208963,-0.24572591819385536,-0.2457426194901302,-0.24573749942156553,-0.2457379455207942,-0.2457376698070135,-0.2457369278341659,-0.245744700875683,-0.24557320371819458,-0.24574266932845035,-0.2510983465555938,-0.2457374285257785,-0.24573676174878045
-0.07239947412863046,-0.07239826225639234,-0.07239361678333722,-0.07239939839177367,-0.07581966381152938,-0.07239961288480146,-0.07239745208689641,-0.07239761524161281,-0.07228486464928352,-0.07250346087076309,-0.07239923160739181,-0.07239841038117589,-0.0726877049477892,-0.07238178528272243,-0.07239790374462984,-0.07239791049101996,-0.07239816262863741,-0.07239703434692046,-0.0723970871285573,-0.07239924328015235,-0.0719921531497647,-0.07239868609723032,-0.07134043774520649,-0.07239731417918449,-0.07239711949736716
-0.6543163706972521,-0.6543203786275953,-0.6543061010589213,-0.6542888577963879,-0.6586683877057098,-0.6543142987062467,-0.6543123895909275,-0.6543060908879994,-0.6541873787200103,-0.6544909341225491,-0.654318350580283,-0.6543145652489812,-0.654553114334071,-0.6542955942658324,-0.6543125968487118,-0.6543051806531608,-0.6543058686139247,-0.6543057144126507,-0.6543046884348058,-0.6543152878876768,-0.6540492691615896,-0.654312788242315,-0.6609460508583709,-0.6543052539491967,-0.6543045822648352
-0.15638894058504604,-0.15638524700715806,-0.15638456107943455,-0.15640029464286442,-0.16002693261423673,-0.1563910671134039,-0.15638714392817832,-0.15639127074052794,-0.1562724074076982,-0.15649246250227122,-0.15638731197537226,-0.1563889476091873,-0.15669830821721575,-0.15637277994350995,-0.15638907783923628,-0.1563920577413569,-0.15639244344932024,-0.156390496751726,-0.15639101437940894,-0.15638940814373115,-0.1559510624577598,-0.15638939349841507,-0.1553777569906245,-0.15639112604564076,-0.15639116138149944
-1.6266212807182256,-1.6266007888075862,-1.6266371963376258,-1.6266436058934275,-1.6182856800245204,-1.6266304759056638,-1.6266261640431878,-1.6266395569454417,-1.6264888945349298,-1.6282420616617443,-1.626620661575764,-1.626628817394149,-1.6246015625241839,-1.6266179252521695,-1.6266275586490053,-1.6266416475589551,-1.6266397302889501,-1.6266383865201917,-1.6266394789256111,-1.626622341045021,-1.6311656651257422,-1.6266213445137012,-1.6932217513720715,-1.6266401342153358,-1.626638573411725
0.11797603079291008,0.117974111737702,0.11798448315538224,0.11799021452976177,0.11497059910052343,0.11797822153731374,0.11797896021306542,0.11798355334583732,0.11809048803019806,0.11784801366054865,0.11797467593240185,0.11797856051956046,0.11774690044084934,0.11799618820042213,0.11797994252479072,0.11798389741034754,0.11798366344578426,0.11798403316216621,0.11798455550202647,0.1179770912953515,0.1182697701291957,0.11797851311161622,0.11752328173706417,0.11798413488879333,0.11798459240512926
-0.40311240560640726,-0.4031219038606082,-0.40309760606028533,-0.40306558645259116,-0.4075018187893775,-0.4031068653045722,-0.4031064784902938,-0.4030931507528379,-0.402974565885188,-0.40329213300676514,-0.4031165915458601,-0.4031083290995596,-0.4033503541945649,-0.40308618812353814,-0.4031050977105366,-0.40309117822701523,-0.40309201842411824,-0.4030929080766654,-0.403090987147543,-0.4031101780498503,-0.40283855845800076,-0.4031062982210898,-0.4095370464142434,-0.4030918109187809,-0.40309094389812117
-0.0860102537687979,-0.08601223249577572,-0.08600155490039896,-0.08599508829998825,-0.08893941743689737,-0.0860078447248469,-0.08600729224571779,-0.08600224224419861,-0.0858964035942833,-0.08614000361042429,-0.0860118102301044,-0.08600757179074492,-0.08623195128958372,-0.0859898646321966,-0.08600604842843751,-0.08600187646120361,-0.08600206064059535,-0.0860017441272376,-0.08600118132392254,-0.08600907384437306,-0.08573038902390806,-0.0860075534631477,-0.08657818412647345,-0.08600163302457275,-0.08600110769656055
-0.5114582900819542,-0.5114646008845725,-0.511446276364147,-0.5114228714641911,-0.5154026492925823,-0.511454696748217,-0.5114532422426166,-0.5114435914111226,-0.5113154555979094,-0.5117015932029645,-0.5114615539952183,-0.511455580532143,-0.5116324624493629,-0.5114334884165572,-0.5114527373525135,-0.5114421349508191,-0.5114428099298607,-0.5114432077963471,-0.511441694529502,-0.5114565950445638,-0.5113133832615802,-0.5114531331927452,-0.5181896219294657,-0.5114424427210196,-0.5114416525464094
-0.22025182069743465,-0.22025369461861288,-0.22024279278788583,-0.22023986693366027,-0.22350079242166032,-0.22025003965641332,-0.22024836701461936,-0.2202445331806402,-0.22013378898815716,-0.22037683011827625,-0.22025278352920452,-0.2202493522765181,-0.2205009084106635,-0.22023115611773392,-0.2202480810075258,-0.22024422177143066,-0.2202446531548219,-0.2202439481639118,-0.22024349218295214,-0.22025094254164657,-0.2199229895725452,-0.22024949662284854,-0.22082875131967938,-0.2202439109334975,-0.22024355646863114
-0.36759355317020237,-0.36757663879392055,-0.3676262497818428,-0.3676092583895496,-0.35204061601433523,-0.36760253054588077,-0.36760216460994144,-0.36761605185891,-0.3676441531729324,-0.3685407608589486,-0.3675933113240859,-0.3676032789755368,-0.3659284075775915,-0.36761401455116527,-0.36760287649428847,-0.3676171684196916,-0.36761464717518066,-0.36761586701089755,-0.3676170447659999,-0.36759528459555213,-0.3706968006017064,-0.367595337648261,-0.3769218038048905,-0.36761702480504255,-0.3676164734836007
0.17361634201179754,0.17362083980454912,0.17362062336069073,0.17360605998625545,0.17074123524128737,0.1736140242778461,0.173618284364494,0.1736138970240475,0.1737295523721727,0.1734637852801768,0.17361797514347188,0.17361639748990854,0.17339965732737994,0.17363171247470888,0.1736164229902215,0.1736130439790884,0.1736126899027468,0.17361483906835673,0.17361425746535986,0.17361590922984504,0.1738685371312343,0.17361603814919135,0.17284816040042728,0.17361407612376922,0.17361414688476628
-0.1160673740477236,-0.11607060294668514,-0.11605784731511193,-0.11604857400257629,-0.11867695447705273,-0.1160643956056262,-0.11606377377155752,-0.11605744958671949,-0.11595479353950111,-0.11620926168141921,-0.11606931321814784,-0.1160642894991426,-0.11625600037117323,-0.11604606760055702,-0.11606248909863837,-0.11605682612547241,-0.11605712590295525,-0.116056932853148,-0.11605619031229253,-0.1160660209604103,-0.11584049651123252,-0.11606412269937749,-0.11679841594023799,-0.11605670727263373,-0.11605616814986064
0.05351129575043245,0.053606755480331,0.05328308589898967,0.053370564494557016,0.1373235022130359,0.05346409901282101,0.05344363477107095,0.05336001657965994,0.05237334480156619,0.04960981653802321,0.05351475545808171,0.05345514262252493,0.06378786346900256,0.05327743751387004,0.05345016045584572,0.053352620022515396,0.05337038792358584,0.05335750592735167,0.05334839163673166,0.05350008308909082,0.03391572306494339,0.053489270531414945,0.025964754754355113,0.05335094748726732,0.05335201810879653
-1.1409203097002418,-1.140903786005154,-1.1409441641716356,-1.1408977360022021,-1.1076825246409427,-1.140912810296193,-1.1409263373756318,-1.140915330711465,-1.1408808892924327,-1.142000465118791,-1.140930154208455,-1.1409138462698465,-1.1387016079815382,-1.1408877027794873,-1.1409071627973333,-1.1409159458531093,-1.1409099459354621,-1.1409130702399395,-1.1409133416895756,-1.1409147182973456,-1.1457475541951112,-1.1409118379368621,-1.160736098077244,-1.1409151821138153,-1.140911232520203
-0.34067369288880656,-0.34067877203888486,-0.3406583473917735,-0.34064495208919965,-0.3463791355452628,-0.3406696650912622,-0.34066703025015244,-0.3406575204850171,-0.3404603165718001,-0.3408341668264825,-0.3406767648903042,-0.340669316005382,-0.3412083202139371,-0.3406341445484884,-0.34066609069203224,-0.3406563790329642,-0.34065705878269625,-0.3406565143852802,-0.34065522774056944,-0.340671676809734,-0.3399704503999601,-0.340668004718907,-0.3422086404390612,-0.34065613023940955,-0.3406552790966799
-0.3829067178902079,-0.38290150712352755,-0.3829063595521731,-0.3829136654784904,-0.38311465201125827,-0.382908930848771,-0.3829056398186381,-0.3829096660485831,-0.3828186887474061,-0.38316415657032366,-0.3829057436721328,-0.38290701843358477,-0.3828416479694141,-0.3828945951630658,-0.38290666309524823,-0.38291037064428934,-0.382910341341578,-0.38290875143328407,-0.38290928839760596,-0.3829069946130659,-0.3831981133077278,-0.3829066554794025,-0.3846988616913549,-0.3829095334438293,-0.3829093135408357
0.20044794864155335,0.20045976475739025,0.20044822104207327,0.20042421797679566,0.19714000465508974,0.20044173573765534,0.20045001019816766,0.20043871580970318,0.20063072243583946,0.2001555549114542,0.20045119801309852,0.20044619673434738,0.2001646029031079,0.20047094966365364,0.2004462993279077,0.20043696616504292,0.20043676133091992,0.20044062069683122,0.20043921422665534,0.20044670975622125,0.20062049524895542,0.20044691582203455,0.1980038177516974,0.2004388967912618,0.20043910339214932
-0.3832743094516644,-0.3832704859224023,-0.38327256984324265,-0.38327571175333475,-0.383550630689804,-0.3832754528249538,-0.38327281717776884,-0.3832747011361448,-0.38318331871579403,-0.3835292125054224,-0.38327405756422905,-0.3832739241501315,-0.38321632839888764,-0.3832604657302241,-0.38327317528185745,-0.3832751411773927,-0.3832750917972305,-0.3832738356693355,-0.38327411210456575,-0.38327419814695673,-0.3835510829704347,-0.383273476863657,-0.38506753028443086,-0.3832744425787027,-0.3832741044554666
-0.5122335716527715,-0.5122357032272973,-0.5122248426770071,-0.512207850459987,-0.5146659027938938,-0.5122301078524316,-0.5122284365310392,-0.5122201615668232,-0.512047259019397,-0.5125408925265518,-0.5122370625176131,-0.51222982769346,-0.5124224358697305,-0.5121978874874955,-0.5122262941264921,-0.5122191860255043,-0.512219195779231,-0.5122189660771781,-0.5122179501139357,-0.5122314881522172,-0.5122017221808761,-0.5122278470811992,-0.5148663544770571,-0.5122189213807715,-0.5122178359335194
-0.8250112498951623,-0.8250153632577195,-0.8250039440631696,-0.8249863956507397,-0.8253460182811523,-0.825007145969856,-0.8250079265394206,-0.8249991231251386,-0.8249154234126266,-0.8252488716849982,-0.825014600213585,-0.8250079249837583,-0.8249549261513778,-0.8249901591555897,-0.8250053641949862,-0.8249980769576482,-0.8249980022564785,-0.8249987002065495,-0.824997605162423,-0.8250093613927234,-0.8252581725383124,-0.825006756584159,-0.826710446148482,-0.8249982758780305,-0.8249975043564106
-0.3233751122881756,-0.32337680122065393,-0.3233668297176706,-0.3233506112317741,-0.3254742725903981,-0.32337136083338436,-0.3233698585374256,-0.3233611968027006,-0.32318023369903415,-0.3237233995831801,-0.32337892521855593,-0.3233709995567935,-0.32352697221298854,-0.3233370922716361,-0.323367180073042,-0.323360236603385,-0.3233600908683698,-0.3233598559920381,-0.32335885016163246,-0.3233728215698406,-0.32343672606032214,-0.32336898395119107,-0.3263528763000778,-0.32335990608267196,-0.32335870433556124
-0.40229915231456914,-0.40229365631354597,-0.4022977472046563,-0.40230326834560515,-0.4026642095340094,-0.40230079774900673,-0.40229795718254024,-0.4023009661578314,-0.40220364588183344,-0.4025624201440081,-0.4022986559012054,-0.40229892006543366,-0.40225239093899745,-0.4022854890306249,-0.4022982175320422,-0.40230167653611204,-0.4023014700977967,-0.4022999726806731,-0.4023004168277211,-0.40229909354689397,-0.402569718597654,-0.4022985368514398,-0.40417954378607845,-0.4023007629782427,-0.4023003639510492
0.030919574205228173,0.030927202650445906,0.030922242685988977,0.03091766559016662,0.028981801256051654,0.030918236352412976,0.030923112085545768,0.030921049198227024,0.031124915401647968,0.030507211654082766,0.030919213158107084,0.030921314122451804,0.030781517547993076,0.030952891985158715,0.030923585707931522,0.030920361857944556,0.03092068826681782,0.030923102942850278,0.030922619523359174,0.030920307788129264,0.030764879391718125,0.030922336732039923,0.027438511977315727,0.03092179148573848,0.03092273789235378
-0.6601972027443992,-0.6602362899580783,-0.6601484325577189,-0.6602935467384441,-0.7485754715852977,-0.6602558245580425,-0.6602204370430798,-0.6602932418034513,-0.6608272263600057,-0.6567159032033842,-0.6601596796556208,-0.6602757019881267,-0.6654564405611296,-0.6604709580728851,-0.6603095547240656,-0.6602929720736483,-0.6603098723912026,-0.6603165418190926,-0.6603105792693498,-0.6602270887139028,-0.6472976924519358,-0.6602434624152664,-0.6054565233538511,-0.6603002056877116,-0.6603156937373456
-0.6087795720135603,-0.6087823450454266,-0.6087751842164835,-0.6087619719129833,-0.6107984364089702,-0.6087788136708383,-0.6087770023321326,-0.6087719762304289,-0.6086845119812878,-0.6089698778707131,-0.608782183074581,-0.6087801234146895,-0.6088415216304099,-0.6087627925465711,-0.608777755020995,-0.6087708861077701,-0.6087710755259224,-0.60877189793203,-0.6087706382524871,-0.6087786987933441,-0.6087981666370368,-0.6087756393487709,-0.6095696667976114,-0.6087711769247406,-0.6087706079957655
-0.5405951305832346,-0.5405919740687892,-0.5405912080410502,-0.5405955028473031,-0.5430783719371846,-0.5405968479309209,-0.5405941828194472,-0.5405963025568994,-0.5405131629127169,-0.5407723865000236,-0.5405947375579245,-0.5405959882370936,-0.5406751525413256,-0.5405862773918102,-0.5405955474916624,-0.5405967187859773,-0.5405967782145282,-0.540595933639274,-0.5405959153227258,-0.5405952549699578,-0.5405522360834425,-0.540594612745835,-0.5411558892909341,-0.5405961223340228,-0.5405959254463966
-0.27879614441609135,-0.27879301642656173,-0.2787955029259592,-0.2787965002031356,-0.28060860790720454,-0.27879908288753086,-0.27879473140334454,-0.2787972635503877,-0.2787028995417984,-0.2790134001587319,-0.2787962112296327,-0.27879862420249424,-0.2788395576295244,-0.2787842826269582,-0.27879748519207936,-0.278797234312016,-0.27879743775983457,-0.27879680318783073,-0.2787965210286103,-0.278796495046123,-0.2788773657218613,-0.27879472061421495,-0.2797529178992164,-0.2787968590130063,-0.2787965569766371
-0.1720368659613314,-0.17203104211915843,-0.17203452124441299,-0.17204396147924683,-0.1744016034077589,-0.17204004732167988,-0.17203655122248307,-0.17204169771687816,-0.17195975936104446,-0.17221315339210008,-0.17203549029336074,-0.17203847392746496,-0.17211252802759702,-0.1720306841655983,-0.17203848295981317,-0.172042597712867,-0.17204258704147435,-0.17204115049885615,-0.17204156370993928,-0.17203743265373106,-0.17200580591261172,-0.1720373560637256,-0.17255013561154442,-0.17204168652224183,-0.1720415540251352
-0.5166712102280613,-0.5166742245952349,-0.5166676924231695,-0.5166534449681137,-0.5175507081129638,-0.5166696325547093,-0.5166686406545296,-0.5166620925323784,-0.5165857191188294,-0.5168751363700608,-0.5166746137138034,-0.516671221791114,-0.5166498900605632,-0.5166535103643,-0.5166683060422983,-0.5166608854778687,-0.5166608171737863,-0.5166619092447178,-0.5166605636454946,-0.5166699162382571,-0.5168424505549396,-0.5166664947039479,-0.5175542938068389,-0.5166611987262826,-0.5166604480060499
-0.361414377068634,-0.36141090481581983,-0.3614104374755911,-0.3614150066417565,-0.363679914935382,-0.3614161371657687,-0.36141335051681267,-0.3614155650345552,-0.3613364728332158,-0.3615864561217208,-0.3614139587504184,-0.36141513163407524,-0.36148274007313574,-0.3614057919348923,-0.3614146151020847,-0.3614160349106399,-0.3614160807519795,-0.36141509441456776,-0.36141514014151,-0.3614144723339052,-0.36138879919608513,-0.361413814803484,-0.3619140061001147,-0.36141536529964213,-0.3614151229576734
-0.3860881898192048,-0.3860883537659632,-0.38608684216118405,-0.3860790364196731,-0.3863605878726517,-0.38608807589941563,-0.38608611632344747,-0.3860827409850742,-0.38600704631896576,-0.3863116875035999,-0.38609059684524993,-0.38608881100469006,-0.3860233501712784,-0.38607241371849454,-0.3860863133050074,-0.3860820199255599,-0.3860818724535875,-0.3860822938317199,-0.3860814253152256,-0.3860873362596351,-0.3863554822926929,-0.38608444137491205,-0.3871032504542171,-0.3860820038255852,-0.3860813199761637
-0.5403544143416994,-0.5403492600682824,-0.5403509693130815,-0.5403599541331872,-0.5427506261532855,-0.540357443611974,-0.5403534324570458,-0.5403581939206248,-0.5402730969296599,-0.5405384457193563,-0.5403529989245826,-0.5403557137651305,-0.5404294381261465,-0.5403469792974391,-0.5403556752309058,-0.5403589768520689,-0.5403591762228288,-0.540357574809498,-0.5403579309350093,-0.5403549795941487,-0.5403303069863696,-0.5403547267856723,-0.5409475740650294,-0.5403581000732416,-0.5403579723576257
-0.032204602061653986,-0.03219814418496725,-0.0322072152311037,-0.03221276338305046,-0.03193648090810797,-0.03220826051475001,-0.032203702851525406,-0.03220829351270993,-0.032125415185326744,-0.03246838248166739,-0.03220427295904216,-0.03220691174121271,-0.03209879859390696,-0.032194018672235813,-0.03220571825465868,-0.03220873055358453,-0.03220857265706201,-0.03220734411499393,-0.03220757930545659,-0.03220499063292692,-0.03258741570530077,-0.03220353960056599,-0.03350555347438444,-0.03220797584653212,-0.032207522471665584
0.7326304583851595,0.7326592610822402,0.7326064980933111,0.7327029473837499,0.7902849823952351,0.7326685838657454,0.7326480969940263,0.7326960643035818,0.7330614382669864,0.730407389762604,0.732605353489113,0.7326828628946558,0.7359285157119544,0.732815023212936,0.7327063701997361,0.732695561138641,0.7327067068130333,0.7327121070832732,0.7327084416976959,0.7326506761471308,0.7243657906820999,0.7326628127104939,0.7032873119764105,0.7327011078236723,0.732711823290586
0.4059186553652694,0.4059282699004285,0.4059138648642957,0.40590598921948384,0.40807574335470775,0.4059145551911669,0.4059195342749078,0.40591317742702415,0.40600465030006916,0.4055767753513351,0.40591941268264264,0.40591704343704293,0.4061464201030418,0.40593122984375896,0.4059182752194701,0.40591232029115076,0.4059127382166139,0.40591469178824724,0.4059139635448261,0.40591828355303505,0.40524436868555114,0.40591946018047054,0.4036585665073744,0.40591344906410143,0.40591407963926684
-0.23140416540879727,-0.23140190357363366,-0.23139915065449657,-0.23139806855166256,-0.23205034837499028,-0.23140373265668757,-0.23140187483999597,-0.23140036352245374,-0.2313120988001316,-0.23163860417561466,-0.23140521235625044,-0.2314027589720169,-0.2313750975952189,-0.23138826241694943,-0.23140115261032435,-0.2314004785089807,-0.2314003099279205,-0.2313995074297992,-0.231399316796157,-0.2314033247104419,-0.2316144434902867,-0.2314017797520762,-0.23276369814816178,-0.23139984846068273,-0.23139923012962527
-0.2717352596314271,-0.2717300474437323,-0.27173829372259206,-0.27173638830451097,-0.26830144171967163,-0.27173563705712667,-0.2717334137269134,-0.27173262457534264,-0.2716528330973489,-0.27209134203047824,-0.2717372215248304,-0.2717346059460013,-0.27141671244656607,-0.2717168875313902,-0.27173188124514525,-0.2717326171643464,-0.27173187400784116,-0.27173121635854613,-0.2717311696383007,-0.271734234279819,-0.27256913483419964,-0.27173174123230837,-0.2741874607585615,-0.27173195914688364,-0.27173094536149023
-0.20774148450460217,-0.20773216300501218,-0.20774041564759926,-0.20775032266151072,-0.2081355141187302,-0.2077447688397882,-0.20774076649079376,-0.20774714128126703,-0.20765476689469153,-0.20799099637848428,-0.20773990404087783,-0.20774181643670175,-0.2077045580320913,-0.20773187813500016,-0.20774146087518375,-0.20774848641448074,-0.20774815103152378,-0.20774580946000043,-0.20774674163149598,-0.2077418014752297,-0.20799339889745028,-0.20774179585153263,-0.20917773113591664,-0.20774707084402877,-0.20774663455540576
0.12894951794066856,0.1289642337539476,0.12894126476705736,0.12892751472815434,0.1333675473752649,0.12894425745518134,0.1289495687879949,0.12893972966907086,0.1290286951975972,0.12852686392996304,0.128951225633962,0.12894821658932187,0.12934327995910877,0.12896036171131442,0.12894916253824107,0.1289381107687504,0.12893898027012796,0.12894185582506879,0.1289403607091799,0.12894896278364598,0.12791555045549075,0.1289493494947891,0.12598760274361354,0.1289397979128637,0.1289405702403812
-0.09489968526654735,-0.0948918084855066,-0.09489717799628039,-0.09490562892910503,-0.09554958135755243,-0.09490241643515418,-0.09489845624671034,-0.09490353730857493,-0.09480767135300994,-0.09515868185484777,-0.0948984526581853,-0.09489976173330916,-0.09486732784665719,-0.09488877269909324,-0.09489926834451268,-0.09490463006809335,-0.09490444031904133,-0.09490232325660486,-0.0949030023517139,-0.09489987047754056,-0.09514526499263098,-0.09489955451698506,-0.09641221112882903,-0.09490337820853512,-0.09490294350360529
-0.003016153780208697,-0.003008578512577742,-0.003021005693852885,-0.0030220251499457618,0.002918427668134882,-0.0030159939898766197,-0.0030143952840688826,-0.0030137421133602516,-0.00293623341867999,-0.0034666159438145883,-0.0030182914029097674,-0.0030141994814769646,-0.002505873877112208,-0.0029961635308950463,-0.0030112090645673106,-0.003014020408045326,-0.0030128511706806194,-0.0030118569396719863,-0.003012139575204742,-0.003014763273476717,-0.004257290017797288,-0.003012425345190195,-0.006339077825110451,-0.0030130901552283262,-0.0030118393350520023
-0.2068092140242328,-0.20680269312585153,-0.2068060224057433,-0.20681121069181074,-0.20718082378355263,-0.20681074580217285,-0.2068076978204303,-0.20681044961325057,-0.20671816284032474,-0.2070665022043272,-0.20680890585538236,-0.2068085948943832,-0.20675981544155064,-0.2067964940138367,-0.20680757629808255,-0.2068112741980599,-0.2068109463143486,-0.20680927303896368,-0.20680968940197886,-0.2068089235785564,-0.20708105147022593,-0.20680815364485738,-0.20833044551551438,-0.20681015470188413,-0.20680959427735957
-0.123283957837792,-0.12327645797952869,-0.12328955993364588,-0.12328973603764837,-0.115287334335612,-0.12328183941512805,-0.12328200038059123,-0.1232785238940437,-0.12320839505573389,-0.1237812568317409,-0.1232873748271146,-0.12328013837578311,-0.12263481560029987,-0.12326023540182973,-0.12327630636665532,-0.1232787144902403,-0.12327703256897138,-0.12327632923447851,-0.12327657641957757,-0.12328169165712666,-0.12480387909704405,-0.12327897374895258,-0.12711704299110949,-0.12327772487555677,-0.12327616090082927
2.0148580057187715,2.0149096540816203,2.0147842754795064,2.0149739978267434,2.1309842138171575,2.014923638311288,2.0148806720082035,2.014960935699257,2.015180069564906,2.0113827436371423,2.0148136741707035,2.014945779572379,2.021720958063362,2.0151187465992138,2.014985540726606,2.014960509870427,2.0149817031187567,2.01498799649773,2.0149806749020627,2.014892399374304,1.9990679476400786,2.014911349078048,1.9650540625671553,2.0149686311089,2.014986775858958
2.0148580057187715,2.0149096540816203,2.0147842754795064,2.0149739978267434,0.022835731004171578,2.014923638311288,2.0148806720082035,2.014960935699257,2.015180069564906,2.0113827436371423,2.0148136741707035,2.014945779572379,2.021720958063362,2.0151187465992138,2.014985540726606,2.014960509870427,2.0149817031187567,2.01498799649773,2.0149806749020627,2.014892399374304,1.9990679476400786,2.014911349078048,1.9650540625671553,2.0149686311089,2.014986775858958
10000,10000,10000,10000,0.022835731004171578,10000,10000,10000,10000,10000,10000,10000,10000,10000,10000,10000,10000,10000,10000,10000,10000,10000,10000,10000,10000
